"price.close","ref.date"
102.959999,2009-08-24
103.160004,2009-08-25
103.169998,2009-08-26
103.400002,2009-08-27
103.379997,2009-08-28
102.459999,2009-08-31
100.199997,2009-09-01
99.82,2009-09-02
100.650002,2009-09-03
102.059998,2009-09-04
102.940002,2009-09-08
103.730003,2009-09-09
104.790001,2009-09-10
104.769997,2009-09-11
105.279999,2009-09-14
105.720001,2009-09-15
107.32,2009-09-16
107.160004,2009-09-17
106.720001,2009-09-18
106.449997,2009-09-21
107.07,2009-09-22
106.18,2009-09-23
105.010002,2009-09-24
104.449997,2009-09-25
106.32,2009-09-28
106,2009-09-29
105.589996,2009-09-30
102.970001,2009-10-01
102.489998,2009-10-02
104.019997,2009-10-05
105.510002,2009-10-06
105.800003,2009-10-07
106.610001,2009-10-08
107.260002,2009-10-09
107.68,2009-10-12
107.459999,2009-10-13
109.309998,2009-10-14
109.709999,2009-10-15
108.889999,2009-10-16
109.790001,2009-10-19
109.209999,2009-10-20
108.230003,2009-10-21
109.330002,2009-10-22
108.080002,2009-10-23
106.910004,2009-10-26
106.419998,2009-10-27
104.410004,2009-10-28
106.650002,2009-10-29
103.559998,2009-10-30
104.32,2009-11-02
104.650002,2009-11-03
104.919998,2009-11-04
106.849998,2009-11-05
107.129997,2009-11-06
109.57,2009-11-09
109.589996,2009-11-10
110.150002,2009-11-11
109.029999,2009-11-12
109.620003,2009-11-13
111.209999,2009-11-16
111.339996,2009-11-17
111.269997,2009-11-18
109.82,2009-11-19
109.43,2009-11-20
110.82,2009-11-23
110.989998,2009-11-24
111.379997,2009-11-25
109.57,2009-11-27
109.940002,2009-11-30
111.300003,2009-12-01
111.25,2009-12-02
110.379997,2009-12-03
111.010002,2009-12-04
110.839996,2009-12-07
109.610001,2009-12-08
110.019997,2009-12-09
110.639999,2009-12-10
111.110001,2009-12-11
111.870003,2009-12-14
111.349998,2009-12-15
111.519997,2009-12-16
110.18,2009-12-17
110.209999,2009-12-18
111.330002,2009-12-21
111.730003,2009-12-22
111.949997,2009-12-23
112.480003,2009-12-24
112.720001,2009-12-28
112.559998,2009-12-29
112.519997,2009-12-30
111.440002,2009-12-31
113.330002,2010-01-04
113.629997,2010-01-05
113.709999,2010-01-06
114.190002,2010-01-07
114.57,2010-01-08
114.730003,2010-01-11
113.660004,2010-01-12
114.620003,2010-01-13
114.93,2010-01-14
113.639999,2010-01-15
115.059998,2010-01-19
113.889999,2010-01-20
111.699997,2010-01-21
109.209999,2010-01-22
109.769997,2010-01-25
109.309998,2010-01-26
109.830002,2010-01-27
108.57,2010-01-28
107.389999,2010-01-29
109.059998,2010-02-01
110.379997,2010-02-02
109.830002,2010-02-03
106.440002,2010-02-04
106.660004,2010-02-05
105.889999,2010-02-08
107.220001,2010-02-09
107.010002,2010-02-10
108.129997,2010-02-11
108.040001,2010-02-12
109.739998,2010-02-16
110.260002,2010-02-17
110.910004,2010-02-18
111.139999,2010-02-19
111.160004,2010-02-22
109.809998,2010-02-23
110.82,2010-02-24
110.669998,2010-02-25
110.739998,2010-02-26
111.889999,2010-03-01
112.199997,2010-03-02
112.300003,2010-03-03
112.639999,2010-03-04
114.25,2010-03-05
114.269997,2010-03-08
114.459999,2010-03-09
114.970001,2010-03-10
115.449997,2010-03-11
115.459999,2010-03-12
115.489998,2010-03-15
116.410004,2010-03-16
117.099998,2010-03-17
117.040001,2010-03-18
115.970001,2010-03-19
116.589996,2010-03-22
117.410004,2010-03-23
116.839996,2010-03-24
116.650002,2010-03-25
116.580002,2010-03-26
117.32,2010-03-29
117.400002,2010-03-30
117,2010-03-31
117.800003,2010-04-01
118.760002,2010-04-05
119.040001,2010-04-06
118.360001,2010-04-07
118.769997,2010-04-08
119.550003,2010-04-09
119.739998,2010-04-12
119.830002,2010-04-13
121.190002,2010-04-14
121.290001,2010-04-15
119.360001,2010-04-16
119.809998,2010-04-19
120.879997,2010-04-20
120.660004,2010-04-21
121.019997,2010-04-22
121.809998,2010-04-23
121.349998,2010-04-26
118.480003,2010-04-27
119.379997,2010-04-28
120.860001,2010-04-29
118.809998,2010-04-30
120.349998,2010-05-03
117.519997,2010-05-04
116.82,2010-05-05
112.940002,2010-05-06
111.260002,2010-05-07
116.160004,2010-05-10
115.830002,2010-05-11
117.449997,2010-05-12
115.989998,2010-05-13
113.889999,2010-05-14
113.949997,2010-05-17
112.400002,2010-05-18
111.760002,2010-05-19
107.540001,2010-05-20
109.110001,2010-05-21
107.709999,2010-05-24
107.82,2010-05-25
107.169998,2010-05-26
110.760002,2010-05-27
109.370003,2010-05-28
107.529999,2010-06-01
110.330002,2010-06-02
110.709999,2010-06-03
106.82,2010-06-04
105.489998,2010-06-07
106.620003,2010-06-08
106.050003,2010-06-09
109.150002,2010-06-10
109.68,2010-06-11
109.510002,2010-06-14
112,2010-06-15
111.959999,2010-06-16
112.139999,2010-06-17
111.730003,2010-06-18
111.410004,2010-06-21
109.57,2010-06-22
109.230003,2010-06-23
107.419998,2010-06-24
107.870003,2010-06-25
107.529999,2010-06-28
104.209999,2010-06-29
103.220001,2010-06-30
102.760002,2010-07-01
102.199997,2010-07-02
102.870003,2010-07-06
106.110001,2010-07-07
107.160004,2010-07-08
107.959999,2010-07-09
108.029999,2010-07-12
109.660004,2010-07-13
109.650002,2010-07-14
109.68,2010-07-15
106.660004,2010-07-16
107.290001,2010-07-19
108.480003,2010-07-20
107.07,2010-07-21
109.459999,2010-07-22
110.410004,2010-07-23
111.559998,2010-07-26
111.550003,2010-07-27
110.830002,2010-07-28
110.290001,2010-07-29
110.269997,2010-07-30
112.760002,2010-08-02
112.220001,2010-08-03
112.970001,2010-08-04
112.849998,2010-08-05
112.389999,2010-08-06
112.989998,2010-08-09
112.379997,2010-08-10
109.300003,2010-08-11
108.629997,2010-08-12
108.309998,2010-08-13
108.260002,2010-08-16
109.589996,2010-08-17
109.790001,2010-08-18
107.879997,2010-08-19
107.529999,2010-08-20
107.120003,2010-08-23
105.529999,2010-08-24
105.940002,2010-08-25
105.230003,2010-08-26
106.860001,2010-08-27
105.309998,2010-08-30
105.309998,2010-08-31
108.459999,2010-09-01
109.470001,2010-09-02
110.889999,2010-09-03
109.639999,2010-09-07
110.410004,2010-09-08
110.919998,2010-09-09
111.480003,2010-09-10
112.720001,2010-09-13
112.650002,2010-09-14
113.080002,2010-09-15
113.050003,2010-09-16
112.489998,2010-09-17
114.209999,2010-09-20
113.980003,2010-09-21
113.419998,2010-09-22
112.5,2010-09-23
114.82,2010-09-24
114.269997,2010-09-27
114.669998,2010-09-28
114.470001,2010-09-29
114.129997,2010-09-30
114.610001,2010-10-01
113.75,2010-10-04
116.040001,2010-10-05
116.029999,2010-10-06
115.889999,2010-10-07
116.540001,2010-10-08
116.650002,2010-10-11
117.010002,2010-10-12
117.919998,2010-10-13
117.459999,2010-10-14
117.699997,2010-10-15
118.279999,2010-10-18
116.730003,2010-10-19
117.870003,2010-10-20
118.129997,2010-10-21
118.349998,2010-10-22
118.699997,2010-10-25
118.720001,2010-10-26
118.379997,2010-10-27
118.400002,2010-10-28
118.489998,2010-10-29
118.529999,2010-11-01
119.470001,2010-11-02
119.949997,2010-11-03
122.260002,2010-11-04
122.720001,2010-11-05
122.489998,2010-11-08
121.610001,2010-11-09
122.099998,2010-11-10
121.639999,2010-11-11
120.199997,2010-11-12
120.029999,2010-11-15
118.160004,2010-11-16
118.220001,2010-11-17
119.959999,2010-11-18
120.290001,2010-11-19
120.190002,2010-11-22
118.449997,2010-11-23
120.199997,2010-11-24
118.800003,2010-11-26
119.160004,2010-11-29
118.489998,2010-11-30
121.010002,2010-12-01
122.559998,2010-12-02
122.889999,2010-12-03
122.760002,2010-12-06
122.830002,2010-12-07
123.279999,2010-12-08
123.760002,2010-12-09
124.480003,2010-12-10
124.559998,2010-12-13
124.669998,2010-12-14
124.099998,2010-12-15
124.82,2010-12-16
124.300003,2010-12-17
124.599998,2010-12-20
125.389999,2010-12-21
125.779999,2010-12-22
125.599998,2010-12-23
125.650002,2010-12-27
125.830002,2010-12-28
125.919998,2010-12-29
125.720001,2010-12-30
125.75,2010-12-31
127.050003,2011-01-03
126.980003,2011-01-04
127.639999,2011-01-05
127.389999,2011-01-06
127.139999,2011-01-07
126.980003,2011-01-10
127.43,2011-01-11
128.580002,2011-01-12
128.369995,2011-01-13
129.300003,2011-01-14
129.520004,2011-01-18
128.25,2011-01-19
128.080002,2011-01-20
128.369995,2011-01-21
129.100006,2011-01-24
129.169998,2011-01-25
129.669998,2011-01-26
129.990005,2011-01-27
127.720001,2011-01-28
128.679993,2011-01-31
130.740005,2011-02-01
130.490005,2011-02-02
130.779999,2011-02-03
131.149994,2011-02-04
131.970001,2011-02-07
132.570007,2011-02-08
132.270004,2011-02-09
132.320007,2011-02-10
133.110001,2011-02-11
133.429993,2011-02-14
133.009995,2011-02-15
133.850006,2011-02-16
134.25,2011-02-17
134.529999,2011-02-18
131.830002,2011-02-22
131.020004,2011-02-23
130.929993,2011-02-24
132.330002,2011-02-25
133.149994,2011-02-28
130.929993,2011-03-01
131.210007,2011-03-02
133.470001,2011-03-03
132.470001,2011-03-04
131.429993,2011-03-07
132.580002,2011-03-08
132.389999,2011-03-09
129.940002,2011-03-10
130.839996,2011-03-11
130.050003,2011-03-14
128.559998,2011-03-15
126.18,2011-03-16
127.849998,2011-03-17
127.760002,2011-03-18
129.740005,2011-03-21
129.289993,2011-03-22
129.660004,2011-03-23
130.899994,2011-03-24
131.300003,2011-03-25
130.979996,2011-03-28
131.860001,2011-03-29
132.770004,2011-03-30
132.589996,2011-03-31
133.149994,2011-04-01
133.259995,2011-04-04
133.240005,2011-04-05
133.660004,2011-04-06
133.320007,2011-04-07
132.860001,2011-04-08
132.460007,2011-04-11
131.470001,2011-04-12
131.460007,2011-04-13
131.559998,2011-04-14
132.039993,2011-04-15
130.559998,2011-04-18
131.309998,2011-04-19
133.100006,2011-04-20
133.779999,2011-04-21
133.639999,2011-04-25
134.789993,2011-04-26
135.669998,2011-04-27
136.110001,2011-04-28
136.429993,2011-04-29
136.220001,2011-05-02
135.729996,2011-05-03
134.830002,2011-05-04
133.610001,2011-05-05
134.199997,2011-05-06
134.720001,2011-05-09
135.869995,2011-05-10
134.440002,2011-05-11
135.080002,2011-05-12
134.039993,2011-05-13
133.190002,2011-05-16
133.169998,2011-05-17
134.360001,2011-05-18
134.679993,2011-05-19
133.610001,2011-05-20
132.059998,2011-05-23
131.949997,2011-05-24
132.389999,2011-05-25
133,2011-05-26
133.509995,2011-05-27
134.899994,2011-05-31
131.869995,2011-06-01
131.729996,2011-06-02
130.419998,2011-06-03
129.039993,2011-06-06
128.960007,2011-06-07
128.419998,2011-06-08
129.399994,2011-06-09
127.599998,2011-06-10
127.699997,2011-06-13
129.320007,2011-06-14
127.019997,2011-06-15
127.300003,2011-06-16
127.050003,2011-06-17
127.699997,2011-06-20
129.449997,2011-06-21
128.669998,2011-06-22
128.300003,2011-06-23
126.809998,2011-06-24
127.940002,2011-06-27
129.610001,2011-06-28
130.720001,2011-06-29
131.970001,2011-06-30
133.919998,2011-07-01
133.809998,2011-07-05
133.970001,2011-07-06
135.360001,2011-07-07
134.399994,2011-07-08
131.970001,2011-07-11
131.399994,2011-07-12
131.839996,2011-07-13
130.929993,2011-07-14
131.690002,2011-07-15
130.610001,2011-07-18
132.729996,2011-07-19
132.649994,2011-07-20
134.490005,2011-07-21
134.580002,2011-07-22
133.830002,2011-07-25
133.330002,2011-07-26
130.600006,2011-07-27
130.220001,2011-07-28
129.330002,2011-07-29
128.779999,2011-08-01
125.489998,2011-08-02
126.169998,2011-08-03
120.260002,2011-08-04
120.080002,2011-08-05
112.260002,2011-08-08
117.480003,2011-08-09
112.290001,2011-08-10
117.330002,2011-08-11
118.120003,2011-08-12
120.620003,2011-08-15
119.589996,2011-08-16
119.669998,2011-08-17
114.510002,2011-08-18
112.639999,2011-08-19
112.730003,2011-08-22
116.440002,2011-08-23
118.080002,2011-08-24
116.279999,2011-08-25
117.970001,2011-08-26
121.360001,2011-08-29
121.68,2011-08-30
122.220001,2011-08-31
120.940002,2011-09-01
117.849998,2011-09-02
116.989998,2011-09-06
120.290001,2011-09-07
119.040001,2011-09-08
115.919998,2011-09-09
116.669998,2011-09-12
117.739998,2011-09-13
119.370003,2011-09-14
121.43,2011-09-15
121.519997,2011-09-16
120.309998,2011-09-19
120.169998,2011-09-20
116.629997,2011-09-21
112.860001,2011-09-22
113.540001,2011-09-23
116.239998,2011-09-26
117.540001,2011-09-27
115.139999,2011-09-28
116.050003,2011-09-29
113.150002,2011-09-30
109.93,2011-10-03
112.339996,2011-10-04
114.419998,2011-10-05
116.489998,2011-10-06
115.709999,2011-10-07
119.580002,2011-10-10
119.699997,2011-10-11
120.75,2011-10-12
120.510002,2011-10-13
122.57,2011-10-14
120.230003,2011-10-17
122.580002,2011-10-18
121.129997,2011-10-19
121.660004,2011-10-20
123.970001,2011-10-21
125.489998,2011-10-24
123.050003,2011-10-25
124.300003,2011-10-26
128.630005,2011-10-27
128.600006,2011-10-28
125.5,2011-10-31
122,2011-11-01
123.989998,2011-11-02
126.25,2011-11-03
125.480003,2011-11-04
126.260002,2011-11-07
127.879997,2011-11-08
123.160004,2011-11-09
124.32,2011-11-10
126.660004,2011-11-11
125.459999,2011-11-14
126.080002,2011-11-15
124.080002,2011-11-16
122.110001,2011-11-17
121.980003,2011-11-18
119.660004,2011-11-21
119.190002,2011-11-22
116.559998,2011-11-23
116.339996,2011-11-25
119.709999,2011-11-28
120.050003,2011-11-29
124.989998,2011-11-30
124.970001,2011-12-01
124.860001,2011-12-02
126.220001,2011-12-05
126.260002,2011-12-06
126.730003,2011-12-07
123.949997,2011-12-08
126.050003,2011-12-09
124.209999,2011-12-12
123.050003,2011-12-13
121.739998,2011-12-14
122.18,2011-12-15
121.589996,2011-12-16
120.290001,2011-12-19
123.93,2011-12-20
124.169998,2011-12-21
125.269997,2011-12-22
126.389999,2011-12-23
126.489998,2011-12-27
124.830002,2011-12-28
126.120003,2011-12-29
125.5,2011-12-30
127.5,2012-01-03
127.699997,2012-01-04
128.039993,2012-01-05
127.709999,2012-01-06
128.020004,2012-01-09
129.130005,2012-01-10
129.199997,2012-01-11
129.509995,2012-01-12
128.839996,2012-01-13
129.339996,2012-01-17
130.770004,2012-01-18
131.460007,2012-01-19
131.949997,2012-01-20
131.610001,2012-01-23
131.460007,2012-01-24
132.559998,2012-01-25
131.880005,2012-01-26
131.820007,2012-01-27
131.369995,2012-01-30
131.320007,2012-01-31
132.470001,2012-02-01
132.679993,2012-02-02
134.539993,2012-02-03
134.449997,2012-02-06
134.789993,2012-02-07
135.190002,2012-02-08
135.360001,2012-02-09
134.360001,2012-02-10
135.360001,2012-02-13
135.190002,2012-02-14
134.559998,2012-02-15
136.050003,2012-02-16
136.410004,2012-02-17
136.470001,2012-02-21
136.029999,2012-02-22
136.630005,2012-02-23
136.929993,2012-02-24
137.160004,2012-02-27
137.559998,2012-02-28
137.020004,2012-02-29
137.729996,2012-03-01
137.309998,2012-03-02
136.75,2012-03-05
134.75,2012-03-06
135.690002,2012-03-07
137.039993,2012-03-08
137.570007,2012-03-09
137.580002,2012-03-12
140.059998,2012-03-13
139.910004,2012-03-14
140.720001,2012-03-15
140.300003,2012-03-16
140.850006,2012-03-19
140.440002,2012-03-20
140.210007,2012-03-21
139.199997,2012-03-22
139.649994,2012-03-23
141.610001,2012-03-26
141.169998,2012-03-27
140.470001,2012-03-28
140.229996,2012-03-29
140.809998,2012-03-30
141.839996,2012-04-02
141.259995,2012-04-03
139.860001,2012-04-04
139.789993,2012-04-05
138.220001,2012-04-09
135.899994,2012-04-10
137,2012-04-11
138.789993,2012-04-12
137.139999,2012-04-13
137.050003,2012-04-16
139.080002,2012-04-17
138.610001,2012-04-18
137.720001,2012-04-19
137.949997,2012-04-20
136.789993,2012-04-23
137.309998,2012-04-24
139.190002,2012-04-25
140.160004,2012-04-26
140.389999,2012-04-27
139.869995,2012-04-30
140.740005,2012-05-01
140.320007,2012-05-02
139.25,2012-05-03
137,2012-05-04
137.100006,2012-05-07
136.550003,2012-05-08
135.740005,2012-05-09
136.020004,2012-05-10
135.610001,2012-05-11
134.110001,2012-05-14
133.339996,2012-05-15
132.830002,2012-05-16
130.860001,2012-05-17
129.740005,2012-05-18
131.970001,2012-05-21
132.199997,2012-05-22
132.270004,2012-05-23
132.529999,2012-05-24
132.100006,2012-05-25
133.699997,2012-05-29
131.759995,2012-05-30
131.470001,2012-05-31
128.160004,2012-06-01
128.100006,2012-06-04
129.070007,2012-06-05
131.970001,2012-06-06
132.050003,2012-06-07
133.100006,2012-06-08
131.410004,2012-06-11
132.919998,2012-06-12
132.070007,2012-06-13
133.470001,2012-06-14
134.139999,2012-06-15
134.399994,2012-06-18
135.699997,2012-06-19
135.479996,2012-06-20
132.440002,2012-06-21
133.460007,2012-06-22
131.320007,2012-06-25
131.979996,2012-06-26
133.169998,2012-06-27
132.789993,2012-06-28
136.100006,2012-06-29
136.509995,2012-07-02
137.410004,2012-07-03
136.789993,2012-07-05
135.490005,2012-07-06
135.320007,2012-07-09
134.139999,2012-07-10
134.160004,2012-07-11
133.509995,2012-07-12
135.75,2012-07-13
135.429993,2012-07-16
136.360001,2012-07-17
137.369995,2012-07-18
137.729996,2012-07-19
136.470001,2012-07-20
135.089996,2012-07-23
133.929993,2012-07-24
133.960007,2012-07-25
136.169998,2012-07-26
138.679993,2012-07-27
138.679993,2012-07-30
137.710007,2012-07-31
137.589996,2012-08-01
136.639999,2012-08-02
139.350006,2012-08-03
139.619995,2012-08-06
140.320007,2012-08-07
140.490005,2012-08-08
140.610001,2012-08-09
140.839996,2012-08-10
140.770004,2012-08-13
140.789993,2012-08-14
140.949997,2012-08-15
141.990005,2012-08-16
142.179993,2012-08-17
142.190002,2012-08-20
141.759995,2012-08-21
141.820007,2012-08-22
140.660004,2012-08-23
141.509995,2012-08-24
141.539993,2012-08-27
141.399994,2012-08-28
141.509995,2012-08-29
140.490005,2012-08-30
141.160004,2012-08-31
141.029999,2012-09-04
140.910004,2012-09-05
143.770004,2012-09-06
144.330002,2012-09-07
143.509995,2012-09-10
143.910004,2012-09-11
144.389999,2012-09-12
146.589996,2012-09-13
147.240005,2012-09-14
146.740005,2012-09-17
146.619995,2012-09-18
146.699997,2012-09-19
146.710007,2012-09-20
145.869995,2012-09-21
145.649994,2012-09-24
144.100006,2012-09-25
143.289993,2012-09-26
144.639999,2012-09-27
143.970001,2012-09-28
144.350006,2012-10-01
144.5,2012-10-02
145.089996,2012-10-03
146.130005,2012-10-04
146.139999,2012-10-05
145.639999,2012-10-08
144.199997,2012-10-09
143.279999,2012-10-10
143.360001,2012-10-11
142.889999,2012-10-12
144.080002,2012-10-15
145.539993,2012-10-16
146.199997,2012-10-17
145.820007,2012-10-18
143.389999,2012-10-19
143.410004,2012-10-22
141.419998,2012-10-23
141.020004,2012-10-24
141.429993,2012-10-25
141.350006,2012-10-26
141.350006,2012-10-31
142.830002,2012-11-01
141.559998,2012-11-02
141.850006,2012-11-05
142.960007,2012-11-06
139.720001,2012-11-07
138.039993,2012-11-08
138.160004,2012-11-09
138.270004,2012-11-12
137.789993,2012-11-13
135.929993,2012-11-14
135.699997,2012-11-15
136.369995,2012-11-16
139.130005,2012-11-19
139.190002,2012-11-20
139.449997,2012-11-21
141.350006,2012-11-23
141.050003,2012-11-26
140.330002,2012-11-27
141.460007,2012-11-28
142.119995,2012-11-29
142.149994,2012-11-30
141.449997,2012-12-03
141.25,2012-12-04
141.5,2012-12-05
141.979996,2012-12-06
142.410004,2012-12-07
142.470001,2012-12-10
143.440002,2012-12-11
143.509995,2012-12-12
142.630005,2012-12-13
142.100006,2012-12-14
143.770004,2012-12-17
145.369995,2012-12-18
144.289993,2012-12-19
145.119995,2012-12-20
142.789993,2012-12-21
142.350006,2012-12-24
141.75,2012-12-26
141.559998,2012-12-27
140.029999,2012-12-28
142.410004,2012-12-31
146.059998,2013-01-02
145.729996,2013-01-03
146.369995,2013-01-04
145.970001,2013-01-07
145.550003,2013-01-08
145.919998,2013-01-09
147.080002,2013-01-10
147.070007,2013-01-11
146.970001,2013-01-14
147.070007,2013-01-15
147.050003,2013-01-16
148,2013-01-17
148.330002,2013-01-18
149.130005,2013-01-22
149.369995,2013-01-23
149.410004,2013-01-24
150.25,2013-01-25
150.070007,2013-01-28
150.660004,2013-01-29
150.070007,2013-01-30
149.699997,2013-01-31
151.240005,2013-02-01
149.539993,2013-02-04
151.050003,2013-02-05
151.160004,2013-02-06
150.960007,2013-02-07
151.800003,2013-02-08
151.770004,2013-02-11
152.020004,2013-02-12
152.149994,2013-02-13
152.289993,2013-02-14
152.110001,2013-02-15
153.25,2013-02-19
151.339996,2013-02-20
150.419998,2013-02-21
151.889999,2013-02-22
149,2013-02-25
150.020004,2013-02-26
151.910004,2013-02-27
151.610001,2013-02-28
152.110001,2013-03-01
152.919998,2013-03-04
154.289993,2013-03-05
154.5,2013-03-06
154.779999,2013-03-07
155.440002,2013-03-08
156.029999,2013-03-11
155.679993,2013-03-12
155.899994,2013-03-13
156.729996,2013-03-14
155.830002,2013-03-15
154.970001,2013-03-18
154.610001,2013-03-19
155.690002,2013-03-20
154.360001,2013-03-21
155.600006,2013-03-22
154.949997,2013-03-25
156.190002,2013-03-26
156.190002,2013-03-27
156.669998,2013-03-28
156.050003,2013-04-01
156.820007,2013-04-02
155.229996,2013-04-03
155.860001,2013-04-04
155.160004,2013-04-05
156.210007,2013-04-08
156.75,2013-04-09
158.669998,2013-04-10
159.190002,2013-04-11
158.800003,2013-04-12
155.119995,2013-04-15
157.410004,2013-04-16
155.110001,2013-04-17
154.139999,2013-04-18
155.479996,2013-04-19
156.169998,2013-04-22
157.779999,2013-04-23
157.880005,2013-04-24
158.520004,2013-04-25
158.240005,2013-04-26
159.300003,2013-04-29
159.679993,2013-04-30
158.279999,2013-05-01
159.75,2013-05-02
161.369995,2013-05-03
161.779999,2013-05-06
162.600006,2013-05-07
163.339996,2013-05-08
162.880005,2013-05-09
163.410004,2013-05-10
163.539993,2013-05-13
165.229996,2013-05-14
166.119995,2013-05-15
165.339996,2013-05-16
166.940002,2013-05-17
166.929993,2013-05-20
167.169998,2013-05-21
165.929993,2013-05-22
165.449997,2013-05-23
165.309998,2013-05-24
166.300003,2013-05-28
165.220001,2013-05-29
165.830002,2013-05-30
163.449997,2013-05-31
164.350006,2013-06-03
163.559998,2013-06-04
161.270004,2013-06-05
162.729996,2013-06-06
164.800003,2013-06-07
164.800003,2013-06-10
163.100006,2013-06-11
161.75,2013-06-12
164.210007,2013-06-13
163.179993,2013-06-14
164.440002,2013-06-17
165.740005,2013-06-18
163.449997,2013-06-19
159.399994,2013-06-20
159.070007,2013-06-21
157.059998,2013-06-24
158.570007,2013-06-25
160.139999,2013-06-26
161.080002,2013-06-27
160.419998,2013-06-28
161.360001,2013-07-01
161.210007,2013-07-02
161.279999,2013-07-03
163.020004,2013-07-05
163.949997,2013-07-08
165.130005,2013-07-09
165.190002,2013-07-10
167.440002,2013-07-11
167.509995,2013-07-12
168.149994,2013-07-15
167.520004,2013-07-16
167.949997,2013-07-17
168.869995,2013-07-18
169.169998,2013-07-19
169.5,2013-07-22
169.139999,2013-07-23
168.520004,2013-07-24
168.929993,2013-07-25
169.110001,2013-07-26
168.589996,2013-07-29
168.589996,2013-07-30
168.710007,2013-07-31
170.660004,2013-08-01
170.949997,2013-08-02
170.699997,2013-08-05
169.729996,2013-08-06
169.179993,2013-08-07
169.800003,2013-08-08
169.309998,2013-08-09
169.110001,2013-08-12
169.610001,2013-08-13
168.740005,2013-08-14
166.380005,2013-08-15
165.830002,2013-08-16
164.770004,2013-08-19
165.580002,2013-08-20
164.559998,2013-08-21
166.059998,2013-08-22
166.619995,2013-08-23
166,2013-08-26
163.330002,2013-08-27
163.910004,2013-08-28
164.169998,2013-08-29
163.649994,2013-08-30
164.389999,2013-09-03
165.75,2013-09-04
165.960007,2013-09-05
166.039993,2013-09-06
167.630005,2013-09-09
168.869995,2013-09-10
169.399994,2013-09-11
168.949997,2013-09-12
169.330002,2013-09-13
170.309998,2013-09-16
171.070007,2013-09-17
173.050003,2013-09-18
172.759995,2013-09-19
170.720001,2013-09-20
169.929993,2013-09-23
169.529999,2013-09-24
169.039993,2013-09-25
169.690002,2013-09-26
168.910004,2013-09-27
168.009995,2013-09-30
169.339996,2013-10-01
169.179993,2013-10-02
167.619995,2013-10-03
168.889999,2013-10-04
167.429993,2013-10-07
165.479996,2013-10-08
165.600006,2013-10-09
169.169998,2013-10-10
170.259995,2013-10-11
170.940002,2013-10-14
169.699997,2013-10-15
172.070007,2013-10-16
173.220001,2013-10-17
174.389999,2013-10-18
174.399994,2013-10-21
175.410004,2013-10-22
174.570007,2013-10-23
175.149994,2013-10-24
175.949997,2013-10-25
176.229996,2013-10-28
177.169998,2013-10-29
176.289993,2013-10-30
175.789993,2013-10-31
176.210007,2013-11-01
176.830002,2013-11-04
176.270004,2013-11-05
177.169998,2013-11-06
174.929993,2013-11-07
177.289993,2013-11-08
177.320007,2013-11-11
176.960007,2013-11-12
178.380005,2013-11-13
179.270004,2013-11-14
180.050003,2013-11-15
179.419998,2013-11-18
179.029999,2013-11-19
178.470001,2013-11-20
179.910004,2013-11-21
180.809998,2013-11-22
180.630005,2013-11-25
180.679993,2013-11-26
181.119995,2013-11-27
181,2013-11-29
180.529999,2013-12-02
179.75,2013-12-03
179.729996,2013-12-04
178.940002,2013-12-05
180.940002,2013-12-06
181.399994,2013-12-09
180.75,2013-12-10
178.720001,2013-12-11
178.130005,2013-12-12
178.110001,2013-12-13
179.220001,2013-12-16
178.649994,2013-12-17
181.699997,2013-12-18
181.490005,2013-12-19
181.559998,2013-12-20
182.529999,2013-12-23
182.929993,2013-12-24
183.860001,2013-12-26
183.850006,2013-12-27
183.820007,2013-12-30
184.690002,2013-12-31
182.919998,2014-01-02
182.889999,2014-01-03
182.360001,2014-01-06
183.479996,2014-01-07
183.520004,2014-01-08
183.639999,2014-01-09
184.139999,2014-01-10
181.690002,2014-01-13
183.669998,2014-01-14
184.660004,2014-01-15
184.419998,2014-01-16
183.639999,2014-01-17
184.179993,2014-01-21
184.300003,2014-01-22
182.789993,2014-01-23
178.889999,2014-01-24
178.009995,2014-01-27
179.070007,2014-01-28
177.350006,2014-01-29
179.229996,2014-01-30
178.179993,2014-01-31
174.169998,2014-02-03
175.389999,2014-02-04
175.169998,2014-02-05
177.479996,2014-02-06
179.679993,2014-02-07
180.009995,2014-02-10
181.979996,2014-02-11
182.070007,2014-02-12
183.009995,2014-02-13
184.020004,2014-02-14
184.240005,2014-02-18
183.020004,2014-02-19
184.100006,2014-02-20
183.889999,2014-02-21
184.910004,2014-02-24
184.839996,2014-02-25
184.850006,2014-02-26
185.820007,2014-02-27
186.289993,2014-02-28
184.979996,2014-03-03
187.580002,2014-03-04
187.75,2014-03-05
188.179993,2014-03-06
188.259995,2014-03-07
188.160004,2014-03-10
187.229996,2014-03-11
187.279999,2014-03-12
185.179993,2014-03-13
184.660004,2014-03-14
186.330002,2014-03-17
187.660004,2014-03-18
186.660004,2014-03-19
187.75,2014-03-20
186.199997,2014-03-21
185.429993,2014-03-24
186.309998,2014-03-25
184.970001,2014-03-26
184.580002,2014-03-27
185.490005,2014-03-28
187.009995,2014-03-31
188.25,2014-04-01
188.880005,2014-04-02
188.630005,2014-04-03
186.399994,2014-04-04
184.339996,2014-04-07
185.100006,2014-04-08
187.089996,2014-04-09
183.160004,2014-04-10
181.509995,2014-04-11
182.940002,2014-04-14
184.199997,2014-04-15
186.130005,2014-04-16
186.389999,2014-04-17
187.039993,2014-04-21
187.889999,2014-04-22
187.449997,2014-04-23
187.830002,2014-04-24
186.289993,2014-04-25
186.880005,2014-04-28
187.75,2014-04-29
188.309998,2014-04-30
188.330002,2014-05-01
188.059998,2014-05-02
188.419998,2014-05-05
186.779999,2014-05-06
187.880005,2014-05-07
187.679993,2014-05-08
187.960007,2014-05-09
189.789993,2014-05-12
189.960007,2014-05-13
189.059998,2014-05-14
187.399994,2014-05-15
188.050003,2014-05-16
188.740005,2014-05-19
187.550003,2014-05-20
189.130005,2014-05-21
189.589996,2014-05-22
190.350006,2014-05-23
191.520004,2014-05-27
191.380005,2014-05-28
192.369995,2014-05-29
192.679993,2014-05-30
192.899994,2014-06-02
192.800003,2014-06-03
193.190002,2014-06-04
194.449997,2014-06-05
195.380005,2014-06-06
195.580002,2014-06-09
195.600006,2014-06-10
194.919998,2014-06-11
193.539993,2014-06-12
194.130005,2014-06-13
194.289993,2014-06-16
194.830002,2014-06-17
196.259995,2014-06-18
196.479996,2014-06-19
195.940002,2014-06-20
195.880005,2014-06-23
194.699997,2014-06-24
195.580002,2014-06-25
195.440002,2014-06-26
195.820007,2014-06-27
195.720001,2014-06-30
197.029999,2014-07-01
197.229996,2014-07-02
198.199997,2014-07-03
197.509995,2014-07-07
196.240005,2014-07-08
197.119995,2014-07-09
196.339996,2014-07-10
196.610001,2014-07-11
197.600006,2014-07-14
197.229996,2014-07-15
197.960007,2014-07-16
195.710007,2014-07-17
197.710007,2014-07-18
197.339996,2014-07-21
198.199997,2014-07-22
198.639999,2014-07-23
198.649994,2014-07-24
197.720001,2014-07-25
197.800003,2014-07-28
196.949997,2014-07-29
196.979996,2014-07-30
193.089996,2014-07-31
192.5,2014-08-01
193.889999,2014-08-04
192.009995,2014-08-05
192.070007,2014-08-06
191.029999,2014-08-07
193.240005,2014-08-08
193.800003,2014-08-11
193.529999,2014-08-12
194.839996,2014-08-13
195.759995,2014-08-14
195.720001,2014-08-15
197.360001,2014-08-18
198.389999,2014-08-19
198.919998,2014-08-20
199.5,2014-08-21
199.190002,2014-08-22
200.199997,2014-08-25
200.330002,2014-08-26
200.25,2014-08-27
200.139999,2014-08-28
200.710007,2014-08-29
200.610001,2014-09-02
200.5,2014-09-03
200.210007,2014-09-04
201.110001,2014-09-05
200.589996,2014-09-08
199.320007,2014-09-09
200.070007,2014-09-10
200.300003,2014-09-11
199.130005,2014-09-12
198.979996,2014-09-15
200.479996,2014-09-16
200.75,2014-09-17
201.820007,2014-09-18
200.699997,2014-09-19
199.149994,2014-09-22
198.009995,2014-09-23
199.559998,2014-09-24
196.339996,2014-09-25
197.899994,2014-09-26
197.539993,2014-09-29
197.020004,2014-09-30
194.350006,2014-10-01
194.380005,2014-10-02
196.520004,2014-10-03
196.289993,2014-10-06
193.259995,2014-10-07
196.639999,2014-10-08
192.740005,2014-10-09
190.539993,2014-10-10
187.410004,2014-10-13
187.699997,2014-10-14
186.429993,2014-10-15
186.270004,2014-10-16
188.470001,2014-10-17
190.300003,2014-10-20
194.070007,2014-10-21
192.690002,2014-10-22
194.929993,2014-10-23
196.429993,2014-10-24
196.160004,2014-10-27
198.410004,2014-10-28
198.110001,2014-10-29
199.380005,2014-10-30
201.660004,2014-10-31
201.770004,2014-11-03
201.070007,2014-11-04
202.339996,2014-11-05
203.149994,2014-11-06
203.339996,2014-11-07
203.979996,2014-11-10
204.179993,2014-11-11
203.960007,2014-11-12
204.190002,2014-11-13
204.240005,2014-11-14
204.369995,2014-11-17
205.550003,2014-11-18
205.220001,2014-11-19
205.580002,2014-11-20
206.679993,2014-11-21
207.259995,2014-11-24
207.110001,2014-11-25
207.639999,2014-11-26
207.199997,2014-11-28
205.759995,2014-12-01
207.089996,2014-12-02
207.889999,2014-12-03
207.660004,2014-12-04
208,2014-12-05
206.610001,2014-12-08
206.470001,2014-12-09
203.160004,2014-12-10
204.190002,2014-12-11
200.889999,2014-12-12
199.509995,2014-12-15
197.910004,2014-12-16
201.789993,2014-12-17
206.779999,2014-12-18
206.520004,2014-12-19
207.470001,2014-12-22
207.75,2014-12-23
207.770004,2014-12-24
208.440002,2014-12-26
208.720001,2014-12-29
207.600006,2014-12-30
205.539993,2014-12-31
205.429993,2015-01-02
201.720001,2015-01-05
199.820007,2015-01-06
202.309998,2015-01-07
205.899994,2015-01-08
204.25,2015-01-09
202.649994,2015-01-12
202.080002,2015-01-13
200.860001,2015-01-14
199.020004,2015-01-15
201.630005,2015-01-16
202.059998,2015-01-20
203.080002,2015-01-21
206.100006,2015-01-22
204.970001,2015-01-23
205.449997,2015-01-26
202.740005,2015-01-27
200.139999,2015-01-28
201.990005,2015-01-29
199.449997,2015-01-30
201.919998,2015-02-02
204.839996,2015-02-03
204.059998,2015-02-04
206.119995,2015-02-05
205.550003,2015-02-06
204.630005,2015-02-09
206.809998,2015-02-10
206.929993,2015-02-11
208.919998,2015-02-12
209.779999,2015-02-13
210.110001,2015-02-17
210.130005,2015-02-18
209.979996,2015-02-19
211.240005,2015-02-20
211.210007,2015-02-23
211.809998,2015-02-24
211.630005,2015-02-25
211.380005,2015-02-26
210.660004,2015-02-27
211.990005,2015-03-02
211.119995,2015-03-03
210.229996,2015-03-04
210.460007,2015-03-05
207.5,2015-03-06
208.360001,2015-03-09
204.979996,2015-03-10
204.5,2015-03-11
207.100006,2015-03-12
205.830002,2015-03-13
208.580002,2015-03-16
207.960007,2015-03-17
210.460007,2015-03-18
209.5,2015-03-19
210.410004,2015-03-20
210,2015-03-23
208.820007,2015-03-24
205.759995,2015-03-25
205.270004,2015-03-26
205.740005,2015-03-27
208.25,2015-03-30
206.429993,2015-03-31
205.699997,2015-04-01
206.440002,2015-04-02
207.830002,2015-04-06
207.279999,2015-04-07
207.979996,2015-04-08
208.899994,2015-04-09
210.039993,2015-04-10
209.089996,2015-04-13
209.490005,2015-04-14
210.429993,2015-04-15
210.369995,2015-04-16
207.949997,2015-04-17
209.850006,2015-04-20
209.600006,2015-04-21
210.630005,2015-04-22
211.160004,2015-04-23
211.649994,2015-04-24
210.770004,2015-04-27
211.440002,2015-04-28
210.570007,2015-04-29
208.460007,2015-04-30
210.720001,2015-05-01
211.320007,2015-05-04
208.899994,2015-05-05
208.039993,2015-05-06
208.869995,2015-05-07
211.619995,2015-05-08
210.610001,2015-05-11
209.979996,2015-05-12
210.020004,2015-05-13
212.210007,2015-05-14
212.440002,2015-05-15
213.100006,2015-05-18
213.029999,2015-05-19
212.880005,2015-05-20
213.5,2015-05-21
212.990005,2015-05-22
210.699997,2015-05-26
212.699997,2015-05-27
212.460007,2015-05-28
211.139999,2015-05-29
211.570007,2015-06-01
211.360001,2015-06-02
211.919998,2015-06-03
210.130005,2015-06-04
209.770004,2015-06-05
208.479996,2015-06-08
208.449997,2015-06-09
210.949997,2015-06-10
211.630005,2015-06-11
210.009995,2015-06-12
209.110001,2015-06-15
210.25,2015-06-16
210.589996,2015-06-17
212.779999,2015-06-18
210.809998,2015-06-19
211.889999,2015-06-22
212.039993,2015-06-23
210.5,2015-06-24
209.860001,2015-06-25
209.820007,2015-06-26
205.419998,2015-06-29
205.850006,2015-06-30
207.5,2015-07-01
207.309998,2015-07-02
206.720001,2015-07-06
208.020004,2015-07-07
204.529999,2015-07-08
204.899994,2015-07-09
207.479996,2015-07-10
209.770004,2015-07-13
210.679993,2015-07-14
210.610001,2015-07-15
212.300003,2015-07-16
212.479996,2015-07-17
212.589996,2015-07-20
211.75,2015-07-21
211.369995,2015-07-22
210.179993,2015-07-23
208,2015-07-24
206.789993,2015-07-27
209.330002,2015-07-28
210.770004,2015-07-29
210.820007,2015-07-30
210.5,2015-07-31
209.789993,2015-08-03
209.380005,2015-08-04
210.070007,2015-08-05
208.350006,2015-08-06
207.949997,2015-08-07
210.570007,2015-08-10
208.669998,2015-08-11
208.919998,2015-08-12
208.660004,2015-08-13
209.419998,2015-08-14
210.589996,2015-08-17
209.979996,2015-08-18
208.320007,2015-08-19
203.970001,2015-08-20
197.830002,2015-08-21
189.5,2015-08-24
187.270004,2015-08-25
194.460007,2015-08-26
199.270004,2015-08-27
199.279999,2015-08-28
197.669998,2015-08-31
191.770004,2015-09-01
195.410004,2015-09-02
195.550003,2015-09-03
192.589996,2015-09-04
197.429993,2015-09-08
194.789993,2015-09-09
195.850006,2015-09-10
196.740005,2015-09-11
196.009995,2015-09-14
198.460007,2015-09-15
200.179993,2015-09-16
199.729996,2015-09-17
195.449997,2015-09-18
196.460007,2015-09-21
193.910004,2015-09-22
193.600006,2015-09-23
192.899994,2015-09-24
192.850006,2015-09-25
188.009995,2015-09-28
188.119995,2015-09-29
191.630005,2015-09-30
192.130005,2015-10-01
195,2015-10-02
198.470001,2015-10-05
197.789993,2015-10-06
199.410004,2015-10-07
201.210007,2015-10-08
201.330002,2015-10-09
201.520004,2015-10-12
200.25,2015-10-13
199.289993,2015-10-14
202.350006,2015-10-15
203.270004,2015-10-16
203.369995,2015-10-19
203.110001,2015-10-20
201.850006,2015-10-21
205.259995,2015-10-22
207.509995,2015-10-23
207,2015-10-26
206.600006,2015-10-27
208.949997,2015-10-28
208.830002,2015-10-29
207.929993,2015-10-30
210.389999,2015-11-02
211,2015-11-03
210.360001,2015-11-04
210.149994,2015-11-05
210.039993,2015-11-06
208.080002,2015-11-09
208.559998,2015-11-10
207.740005,2015-11-11
204.839996,2015-11-12
202.539993,2015-11-13
205.619995,2015-11-16
205.470001,2015-11-17
208.729996,2015-11-18
208.550003,2015-11-19
209.309998,2015-11-20
209.070007,2015-11-23
209.350006,2015-11-24
209.320007,2015-11-25
209.559998,2015-11-27
208.690002,2015-11-30
210.679993,2015-12-01
208.529999,2015-12-02
205.610001,2015-12-03
209.619995,2015-12-04
208.350006,2015-12-07
206.949997,2015-12-08
205.339996,2015-12-09
205.869995,2015-12-10
201.880005,2015-12-11
202.899994,2015-12-14
205.029999,2015-12-15
208.029999,2015-12-16
204.860001,2015-12-17
200.020004,2015-12-18
201.669998,2015-12-21
203.5,2015-12-22
206.020004,2015-12-23
205.679993,2015-12-24
205.210007,2015-12-28
207.399994,2015-12-29
205.929993,2015-12-30
203.869995,2015-12-31
201.020004,2016-01-04
201.360001,2016-01-05
198.820007,2016-01-06
194.050003,2016-01-07
191.919998,2016-01-08
192.110001,2016-01-11
193.660004,2016-01-12
188.830002,2016-01-13
191.929993,2016-01-14
187.809998,2016-01-15
188.059998,2016-01-19
185.649994,2016-01-20
186.690002,2016-01-21
190.520004,2016-01-22
187.639999,2016-01-25
190.199997,2016-01-26
188.130005,2016-01-27
189.110001,2016-01-28
193.720001,2016-01-29
193.649994,2016-02-01
190.160004,2016-02-02
191.300003,2016-02-03
191.600006,2016-02-04
187.949997,2016-02-05
185.419998,2016-02-08
185.429993,2016-02-09
185.270004,2016-02-10
182.860001,2016-02-11
186.630005,2016-02-12
189.779999,2016-02-16
192.880005,2016-02-17
192.089996,2016-02-18
192,2016-02-19
194.779999,2016-02-22
192.320007,2016-02-23
193.199997,2016-02-24
195.539993,2016-02-25
195.089996,2016-02-26
193.559998,2016-02-29
198.110001,2016-03-01
199,2016-03-02
199.779999,2016-03-03
200.429993,2016-03-04
200.589996,2016-03-07
198.399994,2016-03-08
199.380005,2016-03-09
199.539993,2016-03-10
202.759995,2016-03-11
202.5,2016-03-14
202.169998,2016-03-15
203.339996,2016-03-16
204.630005,2016-03-17
204.380005,2016-03-18
204.669998,2016-03-21
204.559998,2016-03-22
203.210007,2016-03-23
203.119995,2016-03-24
203.240005,2016-03-28
205.119995,2016-03-29
206.020004,2016-03-30
205.520004,2016-03-31
206.919998,2016-04-01
206.25,2016-04-04
204.190002,2016-04-05
206.419998,2016-04-06
203.949997,2016-04-07
204.5,2016-04-08
204.020004,2016-04-11
205.919998,2016-04-12
208,2016-04-13
208.009995,2016-04-14
207.779999,2016-04-15
209.240005,2016-04-18
209.899994,2016-04-19
210.100006,2016-04-20
208.970001,2016-04-21
208.970001,2016-04-22
208.610001,2016-04-25
208.919998,2016-04-26
209.350006,2016-04-27
207.449997,2016-04-28
206.330002,2016-04-29
207.970001,2016-05-02
206.160004,2016-05-03
205.009995,2016-05-04
204.970001,2016-05-05
205.720001,2016-05-06
205.889999,2016-05-09
208.449997,2016-05-10
206.5,2016-05-11
206.559998,2016-05-12
204.759995,2016-05-13
206.779999,2016-05-16
204.850006,2016-05-17
204.910004,2016-05-18
204.199997,2016-05-19
205.490005,2016-05-20
205.210007,2016-05-23
207.869995,2016-05-24
209.279999,2016-05-25
209.339996,2016-05-26
210.240005,2016-05-27
209.839996,2016-05-31
210.270004,2016-06-01
210.910004,2016-06-02
210.279999,2016-06-03
211.350006,2016-06-06
211.679993,2016-06-07
212.369995,2016-06-08
212.080002,2016-06-09
210.070007,2016-06-10
208.449997,2016-06-13
208.039993,2016-06-14
207.75,2016-06-15
208.369995,2016-06-16
206.520004,2016-06-17
207.850006,2016-06-20
208.440002,2016-06-21
208.100006,2016-06-22
210.809998,2016-06-23
203.240005,2016-06-24
199.600006,2016-06-27
203.199997,2016-06-28
206.660004,2016-06-29
209.479996,2016-06-30
209.919998,2016-07-01
208.410004,2016-07-05
209.660004,2016-07-06
209.529999,2016-07-07
212.649994,2016-07-08
213.399994,2016-07-11
214.949997,2016-07-12
214.919998,2016-07-13
216.119995,2016-07-14
215.830002,2016-07-15
216.410004,2016-07-18
216.190002,2016-07-19
217.089996,2016-07-20
216.270004,2016-07-21
217.240005,2016-07-22
216.649994,2016-07-25
216.75,2016-07-26
216.520004,2016-07-27
216.770004,2016-07-28
217.119995,2016-07-29
216.940002,2016-08-01
215.550003,2016-08-02
216.179993,2016-08-03
216.410004,2016-08-04
218.179993,2016-08-05
218.050003,2016-08-08
218.179993,2016-08-09
217.639999,2016-08-10
218.649994,2016-08-11
218.460007,2016-08-12
219.089996,2016-08-15
217.960007,2016-08-16
218.369995,2016-08-17
218.860001,2016-08-18
218.539993,2016-08-19
218.529999,2016-08-22
218.970001,2016-08-23
217.850006,2016-08-24
217.699997,2016-08-25
217.289993,2016-08-26
218.360001,2016-08-29
218,2016-08-30
217.380005,2016-08-31
217.389999,2016-09-01
218.369995,2016-09-02
219.029999,2016-09-06
219.009995,2016-09-07
218.509995,2016-09-08
213.279999,2016-09-09
216.339996,2016-09-12
213.229996,2016-09-13
213.149994,2016-09-14
215.279999,2016-09-15
213.369995,2016-09-16
213.410004,2016-09-19
213.419998,2016-09-20
215.820007,2016-09-21
217.179993,2016-09-22
215.990005,2016-09-23
214.240005,2016-09-26
215.570007,2016-09-27
216.639999,2016-09-28
214.679993,2016-09-29
216.300003,2016-09-30
215.779999,2016-10-03
214.679993,2016-10-04
215.630005,2016-10-05
215.779999,2016-10-06
215.039993,2016-10-07
216.160004,2016-10-10
213.429993,2016-10-11
213.710007,2016-10-12
213.009995,2016-10-13
213.119995,2016-10-14
212.380005,2016-10-17
213.710007,2016-10-18
214.279999,2016-10-19
213.880005,2016-10-20
213.979996,2016-10-21
214.889999,2016-10-24
214.169998,2016-10-25
213.740005,2016-10-26
213.169998,2016-10-27
212.539993,2016-10-28
212.550003,2016-10-31
211.009995,2016-11-01
209.740005,2016-11-02
208.779999,2016-11-03
208.550003,2016-11-04
213.149994,2016-11-07
214.110001,2016-11-08
216.380005,2016-11-09
216.919998,2016-11-10
216.419998,2016-11-11
216.589996,2016-11-14
218.279999,2016-11-15
217.869995,2016-11-16
218.990005,2016-11-17
218.5,2016-11-18
220.149994,2016-11-21
220.580002,2016-11-22
220.699997,2016-11-23
221.520004,2016-11-25
220.479996,2016-11-28
220.910004,2016-11-29
220.380005,2016-11-30
219.570007,2016-12-01
219.679993,2016-12-02
221,2016-12-05
221.699997,2016-12-06
224.600006,2016-12-07
225.149994,2016-12-08
226.509995,2016-12-09
226.25,2016-12-12
227.759995,2016-12-13
225.880005,2016-12-14
226.809998,2016-12-15
225.039993,2016-12-16
225.529999,2016-12-19
226.399994,2016-12-20
225.770004,2016-12-21
225.380005,2016-12-22
225.710007,2016-12-23
226.270004,2016-12-27
224.399994,2016-12-28
224.350006,2016-12-29
223.529999,2016-12-30
225.240005,2017-01-03
226.580002,2017-01-04
226.399994,2017-01-05
227.210007,2017-01-06
226.460007,2017-01-09
226.460007,2017-01-10
227.100006,2017-01-11
226.529999,2017-01-12
227.050003,2017-01-13
226.25,2017-01-17
226.75,2017-01-18
225.910004,2017-01-19
226.740005,2017-01-20
226.149994,2017-01-23
227.600006,2017-01-24
229.570007,2017-01-25
229.330002,2017-01-26
228.970001,2017-01-27
227.550003,2017-01-30
227.529999,2017-01-31
227.619995,2017-02-01
227.770004,2017-02-02
229.339996,2017-02-03
228.929993,2017-02-06
228.940002,2017-02-07
229.240005,2017-02-08
230.600006,2017-02-09
231.509995,2017-02-10
232.770004,2017-02-13
233.699997,2017-02-14
234.919998,2017-02-15
234.720001,2017-02-16
235.089996,2017-02-17
236.490005,2017-02-21
236.279999,2017-02-22
236.440002,2017-02-23
236.740005,2017-02-24
237.110001,2017-02-27
236.470001,2017-02-28
239.779999,2017-03-01
238.270004,2017-03-02
238.419998,2017-03-03
237.710007,2017-03-06
237,2017-03-07
236.559998,2017-03-08
236.860001,2017-03-09
237.690002,2017-03-10
237.809998,2017-03-13
236.899994,2017-03-14
238.949997,2017-03-15
238.479996,2017-03-16
237.029999,2017-03-17
236.770004,2017-03-20
233.729996,2017-03-21
234.279999,2017-03-22
234.029999,2017-03-23
233.860001,2017-03-24
233.619995,2017-03-27
235.320007,2017-03-28
235.539993,2017-03-29
236.289993,2017-03-30
235.740005,2017-03-31
235.330002,2017-04-03
235.479996,2017-04-04
234.779999,2017-04-05
235.440002,2017-04-06
235.199997,2017-04-07
235.339996,2017-04-10
235.059998,2017-04-11
234.029999,2017-04-12
232.509995,2017-04-13
234.570007,2017-04-17
233.869995,2017-04-18
233.440002,2017-04-19
235.339996,2017-04-20
234.589996,2017-04-21
237.169998,2017-04-24
238.550003,2017-04-25
238.399994,2017-04-26
238.600006,2017-04-27
238.080002,2017-04-28
238.679993,2017-05-01
238.770004,2017-05-02
238.479996,2017-05-03
238.759995,2017-05-04
239.699997,2017-05-05
239.660004,2017-05-08
239.440002,2017-05-09
239.869995,2017-05-10
239.380005,2017-05-11
238.979996,2017-05-12
240.300003,2017-05-15
240.080002,2017-05-16
235.820007,2017-05-17
236.770004,2017-05-18
238.309998,2017-05-19
239.520004,2017-05-22
240.050003,2017-05-23
240.610001,2017-05-24
241.759995,2017-05-25
241.710007,2017-05-26
241.5,2017-05-30
241.440002,2017-05-31
243.360001,2017-06-01
244.169998,2017-06-02
243.990005,2017-06-05
243.210007,2017-06-06
243.660004,2017-06-07
243.779999,2017-06-08
243.410004,2017-06-09
243.360001,2017-06-12
244.550003,2017-06-13
244.240005,2017-06-14
243.770004,2017-06-15
242.639999,2017-06-16
244.660004,2017-06-19
243.009995,2017-06-20
242.949997,2017-06-21
242.839996,2017-06-22
243.130005,2017-06-23
243.289993,2017-06-26
241.330002,2017-06-27
243.490005,2017-06-28
241.350006,2017-06-29
241.800003,2017-06-30
242.210007,2017-07-03
242.770004,2017-07-05
240.550003,2017-07-06
242.110001,2017-07-07
242.369995,2017-07-10
242.190002,2017-07-11
244.009995,2017-07-12
244.419998,2017-07-13
245.559998,2017-07-14
245.529999,2017-07-17
245.660004,2017-07-18
246.990005,2017-07-19
247.100006,2017-07-20
246.880005,2017-07-21
246.820007,2017-07-24
247.419998,2017-07-25
247.429993,2017-07-26
247.199997,2017-07-27
246.910004,2017-07-28
246.770004,2017-07-31
247.320007,2017-08-01
247.440002,2017-08-02
246.960007,2017-08-03
247.410004,2017-08-04
247.869995,2017-08-07
247.259995,2017-08-08
247.25,2017-08-09
243.759995,2017-08-10
244.119995,2017-08-11
246.539993,2017-08-14
246.509995,2017-08-15
246.940002,2017-08-16
243.089996,2017-08-17
242.710007,2017-08-18
242.899994,2017-08-21
245.440002,2017-08-22
244.559998,2017-08-23
243.990005,2017-08-24
244.559998,2017-08-25
244.570007,2017-08-28
244.850006,2017-08-29
246.009995,2017-08-30
247.490005,2017-08-31
247.839996,2017-09-01
246.059998,2017-09-05
246.899994,2017-09-06
246.869995,2017-09-07
246.580002,2017-09-08
249.210007,2017-09-11
250.050003,2017-09-12
250.169998,2017-09-13
250.089996,2017-09-14
249.190002,2017-09-15
249.720001,2017-09-18
249.970001,2017-09-19
250.059998,2017-09-20
249.389999,2017-09-21
249.440002,2017-09-22
248.929993,2017-09-25
249.080002,2017-09-26
250.050003,2017-09-27
250.350006,2017-09-28
251.229996,2017-09-29
252.320007,2017-10-02
252.860001,2017-10-03
253.160004,2017-10-04
254.660004,2017-10-05
254.369995,2017-10-06
253.949997,2017-10-09
254.619995,2017-10-10
255.020004,2017-10-11
254.639999,2017-10-12
254.949997,2017-10-13
255.289993,2017-10-16
255.470001,2017-10-17
255.720001,2017-10-18
255.789993,2017-10-19
257.109985,2017-10-20
256.109985,2017-10-23
256.559998,2017-10-24
255.289993,2017-10-25
255.619995,2017-10-26
257.709991,2017-10-27
256.75,2017-10-30
257.149994,2017-10-31
257.48999,2017-11-01
257.589996,2017-11-02
258.450012,2017-11-03
258.850006,2017-11-06
258.670013,2017-11-07
259.109985,2017-11-08
258.170013,2017-11-09
258.089996,2017-11-10
258.329987,2017-11-13
257.730011,2017-11-14
256.440002,2017-11-15
258.619995,2017-11-16
257.859985,2017-11-17
258.299988,2017-11-20
259.98999,2017-11-21
259.76001,2017-11-22
260.359985,2017-11-24
260.230011,2017-11-27
262.869995,2017-11-28
262.709991,2017-11-29
265.01001,2017-11-30
264.459991,2017-12-01
264.140015,2017-12-04
263.190002,2017-12-05
263.23999,2017-12-06
264.070007,2017-12-07
265.51001,2017-12-08
266.309998,2017-12-11
266.779999,2017-12-12
266.75,2017-12-13
265.660004,2017-12-14
266.51001,2017-12-15
268.200012,2017-12-18
267.170013,2017-12-19
267.029999,2017-12-20
267.579987,2017-12-21
267.51001,2017-12-22
267.190002,2017-12-26
267.320007,2017-12-27
267.869995,2017-12-28
266.859985,2017-12-29
268.769989,2018-01-02
270.470001,2018-01-03
271.609985,2018-01-04
273.420013,2018-01-05
273.920013,2018-01-08
274.540009,2018-01-09
274.119995,2018-01-10
276.119995,2018-01-11
277.920013,2018-01-12
276.970001,2018-01-16
279.609985,2018-01-17
279.140015,2018-01-18
280.410004,2018-01-19
282.690002,2018-01-22
283.290009,2018-01-23
283.179993,2018-01-24
283.299988,2018-01-25
286.579987,2018-01-26
284.679993,2018-01-29
281.76001,2018-01-30
281.899994,2018-01-31
281.579987,2018-02-01
275.450012,2018-02-02
263.929993,2018-02-05
269.130005,2018-02-06
267.670013,2018-02-07
257.630005,2018-02-08
261.5,2018-02-09
265.339996,2018-02-12
266,2018-02-13
269.589996,2018-02-14
273.029999,2018-02-15
273.109985,2018-02-16
271.399994,2018-02-20
270.049988,2018-02-21
270.399994,2018-02-22
274.709991,2018-02-23
277.899994,2018-02-26
274.429993,2018-02-27
271.649994,2018-02-28
267.700012,2018-03-01
269.079987,2018-03-02
272.190002,2018-03-05
272.880005,2018-03-06
272.779999,2018-03-07
274.100006,2018-03-08
278.869995,2018-03-09
278.519989,2018-03-12
276.720001,2018-03-13
275.299988,2018-03-14
275,2018-03-15
274.200012,2018-03-16
270.48999,2018-03-19
270.950012,2018-03-20
270.429993,2018-03-21
263.670013,2018-03-22
258.049988,2018-03-23
265.109985,2018-03-26
260.600006,2018-03-27
259.829987,2018-03-28
263.149994,2018-03-29
257.470001,2018-04-02
260.769989,2018-04-03
263.559998,2018-04-04
265.640015,2018-04-05
259.720001,2018-04-06
261,2018-04-09
265.149994,2018-04-10
263.76001,2018-04-11
265.929993,2018-04-12
265.149994,2018-04-13
267.329987,2018-04-16
270.190002,2018-04-17
270.390015,2018-04-18
268.890015,2018-04-19
266.609985,2018-04-20
266.570007,2018-04-23
262.980011,2018-04-24
263.630005,2018-04-25
266.309998,2018-04-26
266.559998,2018-04-27
264.51001,2018-04-30
264.980011,2018-05-01
263.200012,2018-05-02
262.619995,2018-05-03
266.019989,2018-05-04
266.920013,2018-05-07
266.920013,2018-05-08
269.5,2018-05-09
272.019989,2018-05-10
272.850006,2018-05-11
272.980011,2018-05-14
271.100006,2018-05-15
272.23999,2018-05-16
272.01001,2018-05-17
271.329987,2018-05-18
273.369995,2018-05-21
272.609985,2018-05-22
273.359985,2018-05-23
272.799988,2018-05-24
272.149994,2018-05-25
269.019989,2018-05-29
272.609985,2018-05-30
270.940002,2018-05-31
273.600006,2018-06-01
274.899994,2018-06-04
275.100006,2018-06-05
277.399994,2018-06-06
277.369995,2018-06-07
278.190002,2018-06-08
278.559998,2018-06-11
278.920013,2018-06-12
278.029999,2018-06-13
278.730011,2018-06-14
277.130005,2018-06-15
276.559998,2018-06-18
275.5,2018-06-19
275.970001,2018-06-20
274.23999,2018-06-21
274.73999,2018-06-22
271,2018-06-25
271.600006,2018-06-26
269.350006,2018-06-27
270.890015,2018-06-28
271.279999,2018-06-29
271.859985,2018-07-02
270.899994,2018-07-03
273.109985,2018-07-05
275.420013,2018-07-06
277.899994,2018-07-09
278.899994,2018-07-10
276.859985,2018-07-11
279.369995,2018-07-12
279.589996,2018-07-13
279.339996,2018-07-16
280.470001,2018-07-17
281.059998,2018-07-18
280,2018-07-19
279.679993,2018-07-20
280.200012,2018-07-23
281.609985,2018-07-24
284.01001,2018-07-25
283.339996,2018-07-26
281.420013,2018-07-27
279.950012,2018-07-30
281.329987,2018-07-31
280.859985,2018-08-01
282.390015,2018-08-02
283.600006,2018-08-03
284.640015,2018-08-06
285.579987,2018-08-07
285.459991,2018-08-08
285.070007,2018-08-09
283.160004,2018-08-10
282.100006,2018-08-13
283.899994,2018-08-14
281.779999,2018-08-15
284.059998,2018-08-16
285.059998,2018-08-17
285.670013,2018-08-20
286.339996,2018-08-21
286.170013,2018-08-22
285.790009,2018-08-23
287.51001,2018-08-24
289.779999,2018-08-27
289.920013,2018-08-28
291.480011,2018-08-29
290.299988,2018-08-30
290.309998,2018-08-31
289.809998,2018-09-04
289.029999,2018-09-05
288.160004,2018-09-06
287.600006,2018-09-07
288.100006,2018-09-10
289.049988,2018-09-11
289.119995,2018-09-12
290.829987,2018-09-13
290.880005,2018-09-14
289.339996,2018-09-17
290.910004,2018-09-18
291.220001,2018-09-19
293.579987,2018-09-20
291.98999,2018-09-21
291.019989,2018-09-24
290.75,2018-09-25
289.880005,2018-09-26
290.690002,2018-09-27
290.720001,2018-09-28
291.730011,2018-10-01
291.559998,2018-10-02
291.720001,2018-10-03
289.440002,2018-10-04
287.820007,2018-10-05
287.820007,2018-10-08
287.399994,2018-10-09
278.299988,2018-10-10
272.170013,2018-10-11
275.950012,2018-10-12
274.399994,2018-10-15
280.399994,2018-10-16
280.450012,2018-10-17
276.399994,2018-10-18
276.25,2018-10-19
275.01001,2018-10-22
273.609985,2018-10-23
265.320007,2018-10-24
270.079987,2018-10-25
265.329987,2018-10-26
263.859985,2018-10-29
267.769989,2018-10-30
270.630005,2018-10-31
273.51001,2018-11-01
271.890015,2018-11-02
273.390015,2018-11-05
275.119995,2018-11-06
281.01001,2018-11-07
280.5,2018-11-08
277.76001,2018-11-09
272.570007,2018-11-12
272.059998,2018-11-13
270.200012,2018-11-14
273.019989,2018-11-15
273.730011,2018-11-16
269.100006,2018-11-19
264.119995,2018-11-20
265.019989,2018-11-21
263.25,2018-11-23
267.5,2018-11-26
268.399994,2018-11-27
274.579987,2018-11-28
273.980011,2018-11-29
275.649994,2018-11-30
279.299988,2018-12-03
270.25,2018-12-04
269.839996,2018-12-06
263.570007,2018-12-07
264.070007,2018-12-10
264.130005,2018-12-11
265.459991,2018-12-12
265.369995,2018-12-13
260.470001,2018-12-14
255.360001,2018-12-17
255.080002,2018-12-18
251.259995,2018-12-19
247.169998,2018-12-20
240.699997,2018-12-21
234.339996,2018-12-24
246.179993,2018-12-26
248.070007,2018-12-27
247.75,2018-12-28
249.919998,2018-12-31
250.179993,2019-01-02
244.210007,2019-01-03
252.389999,2019-01-04
254.380005,2019-01-07
256.769989,2019-01-08
257.970001,2019-01-09
258.880005,2019-01-10
258.980011,2019-01-11
257.399994,2019-01-14
260.350006,2019-01-15
260.980011,2019-01-16
262.959991,2019-01-17
266.459991,2019-01-18
262.859985,2019-01-22
263.410004,2019-01-23
263.549988,2019-01-24
265.779999,2019-01-25
263.76001,2019-01-28
263.410004,2019-01-29
267.579987,2019-01-30
269.929993,2019-01-31
270.059998,2019-02-01
271.959991,2019-02-04
273.100006,2019-02-05
272.73999,2019-02-06
270.140015,2019-02-07
270.470001,2019-02-08
270.619995,2019-02-11
274.100006,2019-02-12
274.98999,2019-02-13
274.380005,2019-02-14
277.369995,2019-02-15
277.850006,2019-02-19
278.410004,2019-02-20
277.420013,2019-02-21
279.140015,2019-02-22
279.519989,2019-02-25
279.320007,2019-02-26
279.200012,2019-02-27
278.679993,2019-02-28
280.420013,2019-03-01
279.399994,2019-03-04
279.019989,2019-03-05
277.329987,2019-03-06
275.01001,2019-03-07
274.459991,2019-03-08
278.440002,2019-03-11
279.48999,2019-03-12
281.339996,2019-03-13
281.160004,2019-03-14
281.309998,2019-03-15
282.329987,2019-03-18
282.399994,2019-03-19
281.549988,2019-03-20
284.730011,2019-03-21
279.25,2019-03-22
279.040009,2019-03-25
281.119995,2019-03-26
279.649994,2019-03-27
280.709991,2019-03-28
282.480011,2019-03-29
285.829987,2019-04-01
285.970001,2019-04-02
286.420013,2019-04-03
287.179993,2019-04-04
288.570007,2019-04-05
288.790009,2019-04-08
287.309998,2019-04-09
288.290009,2019-04-10
288.209991,2019-04-11
290.160004,2019-04-12
289.970001,2019-04-15
290.160004,2019-04-16
289.450012,2019-04-17
290.019989,2019-04-18
290.269989,2019-04-22
292.880005,2019-04-23
292.230011,2019-04-24
292.049988,2019-04-25
293.410004,2019-04-26
293.869995,2019-04-29
294.019989,2019-04-30
291.809998,2019-05-01
291.179993,2019-05-02
294.029999,2019-05-03
292.820007,2019-05-06
287.929993,2019-05-07
287.529999,2019-05-08
286.660004,2019-05-09
288.100006,2019-05-10
280.859985,2019-05-13
283.399994,2019-05-14
285.059998,2019-05-15
287.700012,2019-05-16
285.839996,2019-05-17
283.950012,2019-05-20
286.51001,2019-05-21
285.630005,2019-05-22
282.140015,2019-05-23
282.779999,2019-05-24
280.149994,2019-05-28
278.269989,2019-05-29
279.029999,2019-05-30
275.269989,2019-05-31
274.570007,2019-06-03
280.529999,2019-06-04
282.959991,2019-06-05
284.799988,2019-06-06
287.649994,2019-06-07
288.970001,2019-06-10
288.899994,2019-06-11
288.390015,2019-06-12
289.579987,2019-06-13
289.26001,2019-06-14
289.369995,2019-06-17
292.399994,2019-06-18
293.059998,2019-06-19
295.859985,2019-06-20
294,2019-06-21
293.640015,2019-06-24
290.76001,2019-06-25
290.470001,2019-06-26
291.5,2019-06-27
293,2019-06-28
295.660004,2019-07-01
296.429993,2019-07-02
298.799988,2019-07-03
298.459991,2019-07-05
296.820007,2019-07-08
297.190002,2019-07-09
298.609985,2019-07-10
299.309998,2019-07-11
300.649994,2019-07-12
300.75,2019-07-15
299.779999,2019-07-16
297.73999,2019-07-17
298.829987,2019-07-18
297.170013,2019-07-19
297.899994,2019-07-22
300.029999,2019-07-23
301.440002,2019-07-24
300,2019-07-25
302.01001,2019-07-26
301.459991,2019-07-29
300.720001,2019-07-30
297.429993,2019-07-31
294.839996,2019-08-01
292.619995,2019-08-02
283.820007,2019-08-05
287.799988,2019-08-06
287.970001,2019-08-07
293.619995,2019-08-08
291.619995,2019-08-09
288.070007,2019-08-12
292.549988,2019-08-13
283.899994,2019-08-14
284.649994,2019-08-15
288.850006,2019-08-16
292.329987,2019-08-19
290.089996,2019-08-20
292.450012,2019-08-21
292.329987,2019-08-22
